time-stamp,time_published,overall_sentiment_score,overall_sentiment_label,ticker_sentiment_score,ticker_sentiment_label
2024-07-16,20240716T204200,0.235524,Somewhat-Bullish,-0.066058,Neutral
2024-07-16,20240716T185900,0.12775,Neutral,0.22174,Somewhat-Bullish
2024-07-16,20240716T180100,0.234901,Somewhat-Bullish,0.110538,Neutral
2024-07-16,20240716T172003,0.385105,Bullish,0.330371,Somewhat-Bullish
2024-07-16,20240716T164000,0.304507,Somewhat-Bullish,0.150098,Somewhat-Bullish
2024-07-16,20240716T162426,0.179018,Somewhat-Bullish,0.0,Neutral
2024-07-16,20240716T154502,0.222324,Somewhat-Bullish,0.278002,Somewhat-Bullish
2024-07-16,20240716T151645,0.115656,Neutral,0.120083,Neutral
2024-07-16,20240716T150500,0.242869,Somewhat-Bullish,-0.056588,Neutral
2024-07-16,20240716T150011,0.254218,Somewhat-Bullish,0.27825,Somewhat-Bullish
2024-07-16,20240716T142102,0.050405,Neutral,0.144047,Neutral
2024-07-16,20240716T140457,0.296884,Somewhat-Bullish,0.157538,Somewhat-Bullish
2024-07-16,20240716T130442,0.246565,Somewhat-Bullish,0.339815,Somewhat-Bullish
2024-07-16,20240716T125436,0.256009,Somewhat-Bullish,0.336425,Somewhat-Bullish
2024-07-16,20240716T121300,0.124523,Neutral,0.377993,Bullish
2024-07-16,20240716T115717,0.060232,Neutral,-0.147177,Neutral
2024-07-16,20240716T115709,0.270667,Somewhat-Bullish,0.327244,Somewhat-Bullish
2024-07-16,20240716T114500,0.182017,Somewhat-Bullish,0.054002,Neutral
2024-07-16,20240716T110500,0.245098,Somewhat-Bullish,-0.066026,Neutral
2024-07-16,20240716T105500,0.429246,Bullish,0.529523,Bullish
2024-07-16,20240716T102006,0.201689,Somewhat-Bullish,0.068236,Neutral
2024-07-16,20240716T102006,0.257815,Somewhat-Bullish,0.067516,Neutral
2024-07-16,20240716T091230,0.212195,Somewhat-Bullish,0.271836,Somewhat-Bullish
2024-07-16,20240716T090200,0.362539,Bullish,0.530181,Bullish
2024-07-16,20240716T075928,0.204159,Somewhat-Bullish,0.100482,Neutral
2024-07-16,20240716T062528,0.048815,Neutral,-0.030276,Neutral
2024-07-16,20240716T030509,0.220763,Somewhat-Bullish,0.164121,Somewhat-Bullish
2024-07-15,20240715T222500,0.231679,Somewhat-Bullish,0.0,Neutral
2024-07-15,20240715T214517,0.299592,Somewhat-Bullish,0.432795,Bullish
2024-07-15,20240715T211500,0.104654,Neutral,0.072886,Neutral
2024-07-15,20240715T210500,0.216706,Somewhat-Bullish,0.058913,Neutral
2024-07-15,20240715T201322,0.218218,Somewhat-Bullish,0.359046,Bullish
2024-07-15,20240715T183426,0.259592,Somewhat-Bullish,0.252102,Somewhat-Bullish
2024-07-15,20240715T162014,0.351027,Bullish,0.0,Neutral
2024-07-15,20240715T155529,0.349924,Somewhat-Bullish,-0.09553,Neutral
2024-07-15,20240715T151039,0.261807,Somewhat-Bullish,0.217702,Somewhat-Bullish
2024-07-15,20240715T144555,0.216207,Somewhat-Bullish,0.38275,Bullish
2024-07-15,20240715T143700,0.140367,Neutral,0.031738,Neutral
2024-07-15,20240715T121200,0.141568,Neutral,0.191038,Somewhat-Bullish
2024-07-15,20240715T120742,0.20867,Somewhat-Bullish,0.005493,Neutral
2024-07-15,20240715T120000,0.330666,Somewhat-Bullish,0.026719,Neutral
2024-07-15,20240715T110932,0.204713,Somewhat-Bullish,0.197823,Somewhat-Bullish
2024-07-15,20240715T110600,0.272636,Somewhat-Bullish,0.178772,Somewhat-Bullish
2024-07-15,20240715T103139,0.311367,Somewhat-Bullish,0.44252,Bullish
2024-07-15,20240715T095000,0.308112,Somewhat-Bullish,0.019463,Neutral
2024-07-15,20240715T085100,0.207336,Somewhat-Bullish,0.286451,Somewhat-Bullish
2024-07-15,20240715T084400,0.135376,Neutral,0.042511,Neutral
2024-07-15,20240715T083200,0.440205,Bullish,0.424995,Bullish
2024-07-15,20240715T074727,0.18932,Somewhat-Bullish,0.245102,Somewhat-Bullish
2024-07-15,20240715T073719,0.309674,Somewhat-Bullish,0.141758,Neutral
2024-07-15,20240715T050700,0.156716,Somewhat-Bullish,0.075468,Neutral
2024-07-15,20240715T011941,-0.017139,Neutral,-0.012631,Neutral
2024-07-14,20240714T220000,0.224149,Somewhat-Bullish,0.36365,Bullish
2024-07-14,20240714T190052,0.198576,Somewhat-Bullish,-0.013844,Neutral
2024-07-14,20240714T163640,0.100779,Neutral,0.086985,Neutral
2024-07-14,20240714T144500,0.195343,Somewhat-Bullish,0.033852,Neutral
2024-07-14,20240714T112417,0.241694,Somewhat-Bullish,0.345371,Somewhat-Bullish
2024-07-14,20240714T110000,0.022334,Neutral,0.124464,Neutral
2024-07-14,20240714T101500,0.31503,Somewhat-Bullish,0.068995,Neutral
2024-07-14,20240714T100800,0.1807,Somewhat-Bullish,0.133238,Neutral
2024-07-14,20240714T090500,0.252975,Somewhat-Bullish,0.36366,Bullish
2024-07-14,20240714T085500,0.175124,Somewhat-Bullish,-0.030986,Neutral
2024-07-13,20240713T133410,0.148528,Neutral,0.075142,Neutral
2024-07-13,20240713T120000,0.257368,Somewhat-Bullish,0.101421,Neutral
2024-07-13,20240713T113200,0.385462,Bullish,0.497159,Bullish
2024-07-13,20240713T112200,0.253673,Somewhat-Bullish,0.191874,Somewhat-Bullish
2024-07-13,20240713T104500,0.277358,Somewhat-Bullish,0.371773,Bullish
2024-07-13,20240713T094500,0.252335,Somewhat-Bullish,0.1268,Neutral
2024-07-13,20240713T091200,0.123304,Neutral,0.145803,Neutral
2024-07-13,20240713T061657,0.141441,Neutral,0.045096,Neutral
2024-07-12,20240712T222751,0.180934,Somewhat-Bullish,0.034084,Neutral
2024-07-12,20240712T204331,0.133,Neutral,0.0,Neutral
2024-07-12,20240712T193949,0.266331,Somewhat-Bullish,0.305444,Somewhat-Bullish
2024-07-12,20240712T184237,0.168651,Somewhat-Bullish,0.095071,Neutral
2024-07-12,20240712T155400,0.183381,Somewhat-Bullish,0.0,Neutral
2024-07-12,20240712T152448,0.026641,Neutral,0.149692,Neutral
2024-07-12,20240712T144156,-0.094679,Neutral,-0.142869,Neutral
2024-07-12,20240712T141400,-0.041305,Neutral,0.059364,Neutral
2024-07-12,20240712T124413,0.202009,Somewhat-Bullish,0.267072,Somewhat-Bullish
2024-07-12,20240712T122200,0.043309,Neutral,0.033658,Neutral
2024-07-12,20240712T115200,0.453944,Bullish,0.569563,Bullish
2024-07-12,20240712T114152,0.310462,Somewhat-Bullish,0.417373,Bullish
2024-07-12,20240712T112200,0.365443,Bullish,0.527337,Bullish
2024-07-12,20240712T110000,0.118959,Neutral,0.03841,Neutral
2024-07-12,20240712T103100,0.052677,Neutral,0.041165,Neutral
2024-07-12,20240712T102007,0.193193,Somewhat-Bullish,0.071297,Neutral
2024-07-12,20240712T102005,0.138402,Neutral,0.070142,Neutral
2024-07-12,20240712T095651,0.273904,Somewhat-Bullish,0.466957,Bullish
2024-07-12,20240712T073400,0.290203,Somewhat-Bullish,0.272059,Somewhat-Bullish
2024-07-12,20240712T055520,0.250506,Somewhat-Bullish,0.096167,Neutral
2024-07-11,20240711T211143,0.09576,Neutral,0.348917,Somewhat-Bullish
2024-07-11,20240711T204913,0.163041,Somewhat-Bullish,0.352524,Bullish
2024-07-11,20240711T202450,0.05384,Neutral,0.207691,Somewhat-Bullish
2024-07-11,20240711T200939,0.132518,Neutral,0.245448,Somewhat-Bullish
2024-07-11,20240711T173419,0.320697,Somewhat-Bullish,0.0,Neutral
2024-07-11,20240711T161409,0.207768,Somewhat-Bullish,-0.195398,Somewhat-Bearish
2024-07-11,20240711T152100,0.294218,Somewhat-Bullish,0.434311,Bullish
2024-07-11,20240711T150438,0.169747,Somewhat-Bullish,-0.209324,Somewhat-Bearish
2024-07-11,20240711T144200,0.237584,Somewhat-Bullish,0.04454,Neutral
2024-07-11,20240711T141802,0.080117,Neutral,0.136476,Neutral
2024-07-11,20240711T140800,0.372061,Bullish,0.485335,Bullish
2024-07-11,20240711T123300,0.224255,Somewhat-Bullish,0.348982,Somewhat-Bullish
2024-07-11,20240711T120000,0.143604,Neutral,0.097156,Neutral
2024-07-11,20240711T115700,-0.036353,Neutral,-0.130889,Neutral
2024-07-11,20240711T115700,-0.036353,Neutral,-0.130889,Neutral
2024-07-11,20240711T115700,-0.036353,Neutral,-0.130889,Neutral
2024-07-11,20240711T114200,0.310316,Somewhat-Bullish,0.410747,Bullish
2024-07-11,20240711T110000,0.218125,Somewhat-Bullish,-0.10949,Neutral
2024-07-11,20240711T102006,0.307979,Somewhat-Bullish,0.068698,Neutral
2024-07-11,20240711T102006,0.246474,Somewhat-Bullish,0.041608,Neutral
2024-07-11,20240711T102006,0.224455,Somewhat-Bullish,0.045602,Neutral
2024-07-11,20240711T102005,0.253664,Somewhat-Bullish,0.069019,Neutral
2024-07-11,20240711T102005,0.206522,Somewhat-Bullish,0.066189,Neutral
2024-07-11,20240711T095724,0.150955,Somewhat-Bullish,0.338694,Somewhat-Bullish
2024-07-11,20240711T094929,0.15537,Somewhat-Bullish,-0.036159,Neutral
2024-07-11,20240711T081500,0.22842,Somewhat-Bullish,-0.02807,Neutral
2024-07-11,20240711T081200,0.256512,Somewhat-Bullish,0.0,Neutral
2024-07-11,20240711T080500,0.262742,Somewhat-Bullish,0.363265,Bullish
2024-07-11,20240711T070011,0.247502,Somewhat-Bullish,0.419464,Bullish
2024-07-11,20240711T070011,0.27756,Somewhat-Bullish,0.038619,Neutral
2024-07-11,20240711T062828,0.106538,Neutral,0.207715,Somewhat-Bullish
2024-07-11,20240711T043400,0.140454,Neutral,0.052635,Neutral
2024-07-11,20240711T014248,0.251289,Somewhat-Bullish,0.298323,Somewhat-Bullish
2024-07-10,20240710T200906,0.123791,Neutral,0.147779,Neutral
2024-07-10,20240710T185425,0.331578,Somewhat-Bullish,0.282631,Somewhat-Bullish
2024-07-10,20240710T184814,0.362916,Bullish,0.569648,Bullish
2024-07-10,20240710T184327,0.27144,Somewhat-Bullish,0.190636,Somewhat-Bullish
2024-07-10,20240710T180659,0.090407,Neutral,0.22193,Somewhat-Bullish
2024-07-10,20240710T173200,0.413174,Bullish,0.093555,Neutral
2024-07-10,20240710T164300,0.09539,Neutral,0.085651,Neutral
2024-07-10,20240710T163500,0.113547,Neutral,0.223231,Somewhat-Bullish
2024-07-10,20240710T162900,0.365518,Bullish,0.253225,Somewhat-Bullish
2024-07-10,20240710T162252,0.03378,Neutral,0.133308,Neutral
2024-07-10,20240710T161416,0.312416,Somewhat-Bullish,0.177969,Somewhat-Bullish
2024-07-10,20240710T152007,0.138264,Neutral,0.033003,Neutral
2024-07-10,20240710T143554,0.120603,Neutral,0.160103,Somewhat-Bullish
2024-07-10,20240710T141200,0.330859,Somewhat-Bullish,0.266057,Somewhat-Bullish
2024-07-10,20240710T132259,0.127246,Neutral,0.307693,Somewhat-Bullish
2024-07-10,20240710T125628,0.25248,Somewhat-Bullish,0.246608,Somewhat-Bullish
2024-07-10,20240710T122100,0.201833,Somewhat-Bullish,0.21698,Somewhat-Bullish
2024-07-10,20240710T115921,0.251644,Somewhat-Bullish,-0.175903,Somewhat-Bearish
2024-07-10,20240710T111300,0.112557,Neutral,0.093031,Neutral
2024-07-10,20240710T104500,0.361406,Bullish,0.557337,Bullish
2024-07-10,20240710T102006,0.166232,Somewhat-Bullish,0.071604,Neutral
2024-07-10,20240710T101500,0.288166,Somewhat-Bullish,0.130065,Neutral
2024-07-10,20240710T100548,0.181788,Somewhat-Bullish,0.314173,Somewhat-Bullish
2024-07-10,20240710T091522,0.091107,Neutral,-0.048842,Neutral
2024-07-10,20240710T090600,0.206689,Somewhat-Bullish,0.10301,Neutral
2024-07-10,20240710T090500,0.343608,Somewhat-Bullish,0.139443,Neutral
2024-07-10,20240710T090000,0.512183,Bullish,0.555618,Bullish
2024-07-10,20240710T090000,0.14755,Neutral,-0.166535,Somewhat-Bearish
2024-07-10,20240710T083500,0.397424,Bullish,0.381316,Bullish
2024-07-10,20240710T080050,0.082785,Neutral,0.162174,Somewhat-Bullish
2024-07-10,20240710T034119,0.117152,Neutral,0.199013,Somewhat-Bullish
2024-07-10,20240710T024617,-0.103197,Neutral,0.0,Neutral
2024-07-09,20240709T214521,0.194433,Somewhat-Bullish,0.283207,Somewhat-Bullish
2024-07-09,20240709T183014,0.269483,Somewhat-Bullish,0.066671,Neutral
2024-07-09,20240709T180604,0.278889,Somewhat-Bullish,0.07048,Neutral
2024-07-09,20240709T174207,0.131478,Neutral,0.214642,Somewhat-Bullish
2024-07-09,20240709T163834,0.28809,Somewhat-Bullish,-0.029081,Neutral
2024-07-09,20240709T162622,0.289252,Somewhat-Bullish,0.2297,Somewhat-Bullish
2024-07-09,20240709T162200,0.30505,Somewhat-Bullish,0.12497,Neutral
2024-07-09,20240709T143831,0.244477,Somewhat-Bullish,0.367131,Bullish
2024-07-09,20240709T142033,0.186483,Somewhat-Bullish,0.00473,Neutral
2024-07-09,20240709T141500,0.501298,Bullish,0.618197,Bullish
2024-07-09,20240709T134500,0.099147,Neutral,0.157151,Somewhat-Bullish
2024-07-09,20240709T124347,0.095737,Neutral,0.089891,Neutral
2024-07-09,20240709T123000,0.131197,Neutral,-0.167404,Somewhat-Bearish
2024-07-09,20240709T120000,0.101698,Neutral,0.067903,Neutral
2024-07-09,20240709T115936,0.244659,Somewhat-Bullish,0.177921,Somewhat-Bullish
2024-07-09,20240709T105000,0.214057,Somewhat-Bullish,0.110244,Neutral
2024-07-09,20240709T103000,0.322893,Somewhat-Bullish,0.465973,Bullish
2024-07-09,20240709T102005,0.265365,Somewhat-Bullish,-0.025066,Neutral
2024-07-09,20240709T100000,0.355485,Bullish,0.038888,Neutral
2024-07-09,20240709T093000,0.203423,Somewhat-Bullish,-0.008184,Neutral
2024-07-09,20240709T084900,0.235675,Somewhat-Bullish,0.078983,Neutral
2024-07-09,20240709T053719,-0.062188,Neutral,-0.327736,Somewhat-Bearish
2024-07-09,20240709T014747,0.166277,Somewhat-Bullish,0.273076,Somewhat-Bullish
2024-07-08,20240708T201010,0.118799,Neutral,0.0,Neutral
2024-07-08,20240708T190000,0.289131,Somewhat-Bullish,0.149955,Neutral
2024-07-08,20240708T185011,0.128839,Neutral,0.274228,Somewhat-Bullish
2024-07-08,20240708T170434,0.307946,Somewhat-Bullish,0.165687,Somewhat-Bullish
2024-07-08,20240708T165054,0.259681,Somewhat-Bullish,0.188448,Somewhat-Bullish
2024-07-08,20240708T160742,0.3411,Somewhat-Bullish,0.060952,Neutral
2024-07-08,20240708T155600,0.067362,Neutral,0.045321,Neutral
2024-07-08,20240708T155452,0.335259,Somewhat-Bullish,0.020364,Neutral
2024-07-08,20240708T153102,0.314428,Somewhat-Bullish,0.541314,Bullish
2024-07-08,20240708T150044,-0.058617,Neutral,0.0,Neutral
2024-07-08,20240708T141931,0.29571,Somewhat-Bullish,0.068464,Neutral
2024-07-08,20240708T141913,0.194276,Somewhat-Bullish,0.165372,Somewhat-Bullish
2024-07-08,20240708T133400,0.230441,Somewhat-Bullish,0.499747,Bullish
2024-07-08,20240708T131413,0.381097,Bullish,0.240612,Somewhat-Bullish
2024-07-08,20240708T125444,0.381369,Bullish,0.28315,Somewhat-Bullish
2024-07-08,20240708T124623,0.131016,Neutral,0.091837,Neutral
2024-07-08,20240708T102028,0.29486,Somewhat-Bullish,0.349666,Somewhat-Bullish
2024-07-08,20240708T095210,0.052791,Neutral,0.189218,Somewhat-Bullish
2024-07-08,20240708T094159,0.186788,Somewhat-Bullish,0.249005,Somewhat-Bullish
2024-07-08,20240708T090600,0.261655,Somewhat-Bullish,0.317606,Somewhat-Bullish
2024-07-08,20240708T042509,0.014567,Neutral,-0.16377,Somewhat-Bearish
2024-07-08,20240708T023429,0.080097,Neutral,0.260973,Somewhat-Bullish
2024-07-08,20240708T021926,0.029225,Neutral,0.0697,Neutral
2024-07-08,20240708T021711,0.11383,Neutral,0.288657,Somewhat-Bullish
2024-07-08,20240708T020606,0.094603,Neutral,0.211573,Somewhat-Bullish
2024-07-07,20240707T234006,0.123508,Neutral,-0.07956,Neutral
2024-07-07,20240707T134500,0.255078,Somewhat-Bullish,0.343086,Somewhat-Bullish
2024-07-07,20240707T112914,0.20864,Somewhat-Bullish,0.307764,Somewhat-Bullish
2024-07-07,20240707T102100,0.328149,Somewhat-Bullish,0.291839,Somewhat-Bullish
2024-07-07,20240707T100000,0.194537,Somewhat-Bullish,0.270379,Somewhat-Bullish
2024-07-06,20240706T102600,0.284486,Somewhat-Bullish,0.446407,Bullish
2024-07-06,20240706T042404,-0.059804,Neutral,-0.138696,Neutral
2024-07-05,20240705T213551,0.158294,Somewhat-Bullish,0.063266,Neutral
2024-07-05,20240705T203401,0.119521,Neutral,0.205085,Somewhat-Bullish
2024-07-05,20240705T201727,0.148864,Neutral,0.204464,Somewhat-Bullish
2024-07-05,20240705T200655,0.176653,Somewhat-Bullish,-0.115968,Neutral
2024-07-05,20240705T200645,0.267064,Somewhat-Bullish,-0.002041,Neutral
2024-07-05,20240705T200500,0.419437,Bullish,0.385906,Bullish
2024-07-05,20240705T190316,0.083779,Neutral,0.037152,Neutral
2024-07-05,20240705T182522,0.101821,Neutral,0.1949,Somewhat-Bullish
2024-07-05,20240705T175941,0.126923,Neutral,0.071096,Neutral
2024-07-05,20240705T164800,0.283377,Somewhat-Bullish,0.03624,Neutral
2024-07-05,20240705T155900,0.113776,Neutral,0.013726,Neutral
2024-07-05,20240705T152501,-0.205554,Somewhat-Bearish,-0.527395,Bearish
2024-07-05,20240705T151500,0.343416,Somewhat-Bullish,0.138906,Neutral
2024-07-05,20240705T144900,0.35494,Bullish,0.275166,Somewhat-Bullish
2024-07-05,20240705T142352,0.102183,Neutral,-0.064095,Neutral
2024-07-05,20240705T141000,0.268931,Somewhat-Bullish,0.176502,Somewhat-Bullish
2024-07-05,20240705T135915,0.361955,Bullish,0.47459,Bullish
2024-07-05,20240705T134418,0.291913,Somewhat-Bullish,0.06545,Neutral
2024-07-05,20240705T134001,-0.172417,Somewhat-Bearish,-0.227759,Somewhat-Bearish
2024-07-05,20240705T132541,0.288138,Somewhat-Bullish,0.067956,Neutral
2024-07-05,20240705T124100,0.15784,Somewhat-Bullish,0.379552,Bullish
2024-07-05,20240705T120000,0.260893,Somewhat-Bullish,0.372455,Bullish
2024-07-05,20240705T115600,0.16789,Somewhat-Bullish,0.209807,Somewhat-Bullish
2024-07-05,20240705T113044,0.268954,Somewhat-Bullish,0.166863,Somewhat-Bullish
2024-07-05,20240705T110000,0.326641,Somewhat-Bullish,0.053348,Neutral
2024-07-05,20240705T101000,0.366334,Bullish,0.106656,Neutral
2024-07-05,20240705T091200,0.31922,Somewhat-Bullish,0.530607,Bullish
2024-07-05,20240705T090700,0.290183,Somewhat-Bullish,0.221678,Somewhat-Bullish
2024-07-05,20240705T083500,0.373932,Bullish,0.397824,Bullish
2024-07-05,20240705T070400,0.122846,Neutral,0.045103,Neutral
2024-07-04,20240704T153300,0.259852,Somewhat-Bullish,0.249697,Somewhat-Bullish
2024-07-04,20240704T152900,0.285983,Somewhat-Bullish,0.254638,Somewhat-Bullish
2024-07-04,20240704T140000,0.166845,Somewhat-Bullish,0.086526,Neutral
2024-07-04,20240704T131000,0.132227,Neutral,0.103953,Neutral
2024-07-04,20240704T130802,0.183835,Somewhat-Bullish,0.203698,Somewhat-Bullish
2024-07-04,20240704T124900,0.261467,Somewhat-Bullish,0.433075,Bullish
2024-07-04,20240704T103800,0.342762,Somewhat-Bullish,0.051029,Neutral
2024-07-04,20240704T093000,0.240653,Somewhat-Bullish,0.142018,Neutral
2024-07-04,20240704T080800,0.377822,Bullish,0.531006,Bullish
2024-07-04,20240704T075302,0.137648,Neutral,0.109595,Neutral
2024-07-03,20240703T224800,0.349827,Somewhat-Bullish,0.263828,Somewhat-Bullish
2024-07-03,20240703T220400,0.320263,Somewhat-Bullish,0.126064,Neutral
2024-07-03,20240703T212000,0.274402,Somewhat-Bullish,0.031454,Neutral
2024-07-03,20240703T211500,0.363066,Bullish,0.14948,Neutral
2024-07-03,20240703T204536,0.343872,Somewhat-Bullish,0.145945,Neutral
2024-07-03,20240703T201300,0.329182,Somewhat-Bullish,0.405935,Bullish
2024-07-03,20240703T180000,0.37621,Bullish,0.397179,Bullish
2024-07-03,20240703T162702,0.22441,Somewhat-Bullish,0.115978,Neutral
2024-07-03,20240703T152600,0.275756,Somewhat-Bullish,0.26426,Somewhat-Bullish
2024-07-03,20240703T143100,0.306685,Somewhat-Bullish,0.482794,Bullish
2024-07-03,20240703T142500,0.351181,Bullish,0.384379,Bullish
2024-07-03,20240703T133013,0.316126,Somewhat-Bullish,0.041204,Neutral
2024-07-03,20240703T132400,0.192859,Somewhat-Bullish,0.746231,Bullish
2024-07-03,20240703T131700,0.296778,Somewhat-Bullish,0.095354,Neutral
2024-07-03,20240703T131343,0.260861,Somewhat-Bullish,0.506633,Bullish
2024-07-03,20240703T130300,0.206128,Somewhat-Bullish,0.206102,Somewhat-Bullish
2024-07-03,20240703T130000,0.338851,Somewhat-Bullish,0.126969,Neutral
2024-07-03,20240703T125800,0.38314,Bullish,0.131281,Neutral
2024-07-03,20240703T104500,0.200377,Somewhat-Bullish,0.15701,Somewhat-Bullish
2024-07-03,20240703T101500,0.253234,Somewhat-Bullish,0.380422,Bullish
2024-07-03,20240703T094900,0.272141,Somewhat-Bullish,0.200081,Somewhat-Bullish
2024-07-03,20240703T091000,0.218211,Somewhat-Bullish,0.163547,Somewhat-Bullish
2024-07-03,20240703T085200,0.255427,Somewhat-Bullish,0.194779,Somewhat-Bullish
2024-07-03,20240703T074939,0.031017,Neutral,-0.027416,Neutral
2024-07-02,20240702T205115,0.199581,Somewhat-Bullish,0.0,Neutral
2024-07-02,20240702T203933,0.148786,Neutral,0.172685,Somewhat-Bullish
2024-07-02,20240702T191619,0.377029,Bullish,0.489011,Bullish
2024-07-02,20240702T190000,0.261266,Somewhat-Bullish,0.191275,Somewhat-Bullish
2024-07-02,20240702T180624,0.343512,Somewhat-Bullish,0.355465,Bullish
2024-07-02,20240702T175042,0.178587,Somewhat-Bullish,0.070742,Neutral
2024-07-02,20240702T174748,0.148721,Neutral,0.049118,Neutral
2024-07-02,20240702T164354,0.353155,Bullish,0.0,Neutral
2024-07-02,20240702T160000,0.239676,Somewhat-Bullish,0.172648,Somewhat-Bullish
2024-07-02,20240702T154906,0.026538,Neutral,0.060835,Neutral
2024-07-02,20240702T153000,0.350381,Bullish,0.142147,Neutral
2024-07-02,20240702T152810,0.299872,Somewhat-Bullish,0.57949,Bullish
2024-07-02,20240702T151100,0.222718,Somewhat-Bullish,0.364397,Bullish
2024-07-02,20240702T150012,0.252338,Somewhat-Bullish,0.308703,Somewhat-Bullish
2024-07-02,20240702T143049,0.166506,Somewhat-Bullish,0.237699,Somewhat-Bullish
2024-07-02,20240702T141000,0.290538,Somewhat-Bullish,0.158606,Somewhat-Bullish
2024-07-02,20240702T134258,0.0,Neutral,0.146492,Neutral
2024-07-02,20240702T132500,0.118729,Neutral,0.087344,Neutral
2024-07-02,20240702T120600,0.061699,Neutral,0.10674,Neutral
2024-07-02,20240702T113000,0.304753,Somewhat-Bullish,0.118857,Neutral
2024-07-02,20240702T112800,0.396391,Bullish,0.253834,Somewhat-Bullish
2024-07-02,20240702T094700,0.326782,Somewhat-Bullish,0.542469,Bullish
2024-07-02,20240702T084000,0.307048,Somewhat-Bullish,-0.065015,Neutral
2024-07-02,20240702T083834,0.311208,Somewhat-Bullish,0.509733,Bullish
2024-07-02,20240702T063011,-0.091267,Neutral,0.483704,Bullish
2024-07-02,20240702T052400,0.165674,Somewhat-Bullish,0.262515,Somewhat-Bullish
2024-07-02,20240702T035446,0.187392,Somewhat-Bullish,0.190736,Somewhat-Bullish
2024-07-02,20240702T020546,0.155011,Somewhat-Bullish,0.044118,Neutral
2024-07-02,20240702T013954,0.226555,Somewhat-Bullish,0.257992,Somewhat-Bullish
2024-07-02,20240702T003600,0.263546,Somewhat-Bullish,0.085344,Neutral
2024-07-01,20240701T222400,0.201791,Somewhat-Bullish,0.051102,Neutral
2024-07-01,20240701T204600,0.119823,Neutral,0.099321,Neutral
2024-07-01,20240701T201122,0.257697,Somewhat-Bullish,0.148104,Neutral
2024-07-01,20240701T174141,0.073955,Neutral,0.322883,Somewhat-Bullish
2024-07-01,20240701T163253,0.303031,Somewhat-Bullish,0.213486,Somewhat-Bullish
2024-07-01,20240701T154500,0.211091,Somewhat-Bullish,0.070688,Neutral
2024-07-01,20240701T153400,0.275783,Somewhat-Bullish,0.139246,Neutral
2024-07-01,20240701T143628,0.318417,Somewhat-Bullish,0.149866,Neutral
2024-07-01,20240701T143420,0.147404,Neutral,0.154194,Somewhat-Bullish
2024-07-01,20240701T142941,0.133198,Neutral,0.187515,Somewhat-Bullish
2024-07-01,20240701T125300,0.287188,Somewhat-Bullish,0.347005,Somewhat-Bullish
2024-07-01,20240701T105257,0.17679,Somewhat-Bullish,0.188653,Somewhat-Bullish
2024-07-01,20240701T100000,0.364805,Bullish,0.182548,Somewhat-Bullish
2024-07-01,20240701T094900,0.081701,Neutral,-0.080975,Neutral
2024-07-01,20240701T082845,0.038744,Neutral,-0.074989,Neutral
2024-07-01,20240701T081200,0.105235,Neutral,0.086002,Neutral
2024-07-01,20240701T081111,-0.071161,Neutral,-0.335816,Somewhat-Bearish
2024-07-01,20240701T073538,0.167905,Somewhat-Bullish,0.288704,Somewhat-Bullish
2024-07-01,20240701T022049,0.174068,Somewhat-Bullish,0.468207,Bullish
2024-07-01,20240701T014839,0.262348,Somewhat-Bullish,0.241085,Somewhat-Bullish
2024-06-30,20240630T211027,0.224108,Somewhat-Bullish,0.21284,Somewhat-Bullish
2024-06-30,20240630T171454,0.057603,Neutral,0.024354,Neutral
2024-06-30,20240630T130723,0.251632,Somewhat-Bullish,0.498093,Bullish
2024-06-30,20240630T114512,-0.09964,Neutral,-0.2887,Somewhat-Bearish
2024-06-30,20240630T103000,0.181251,Somewhat-Bullish,0.30728,Somewhat-Bullish
2024-06-30,20240630T083000,0.270689,Somewhat-Bullish,0.326429,Somewhat-Bullish
2024-06-29,20240629T180000,0.251157,Somewhat-Bullish,0.383224,Bullish
2024-06-29,20240629T101500,0.134798,Neutral,0.0,Neutral
2024-06-29,20240629T090500,0.262571,Somewhat-Bullish,0.36993,Bullish
2024-06-29,20240629T075200,0.35605,Bullish,0.415504,Bullish
2024-06-29,20240629T074500,0.533771,Bullish,0.180971,Somewhat-Bullish
2024-06-29,20240629T062445,0.292213,Somewhat-Bullish,0.195556,Somewhat-Bullish
2024-06-28,20240628T223207,0.271617,Somewhat-Bullish,0.470531,Bullish
2024-06-28,20240628T164932,0.064732,Neutral,0.14689,Neutral
2024-06-28,20240628T162115,0.066935,Neutral,0.037737,Neutral
2024-06-28,20240628T160855,0.154776,Somewhat-Bullish,0.26405,Somewhat-Bullish
2024-06-28,20240628T160000,0.226825,Somewhat-Bullish,0.224583,Somewhat-Bullish
2024-06-28,20240628T151500,0.213159,Somewhat-Bullish,0.224913,Somewhat-Bullish
2024-06-28,20240628T150846,0.275949,Somewhat-Bullish,0.186195,Somewhat-Bullish
2024-06-28,20240628T150600,0.231483,Somewhat-Bullish,0.195392,Somewhat-Bullish
2024-06-28,20240628T141445,0.089486,Neutral,-0.01932,Neutral
2024-06-28,20240628T133307,0.262336,Somewhat-Bullish,0.338458,Somewhat-Bullish
2024-06-28,20240628T115043,0.270184,Somewhat-Bullish,0.318668,Somewhat-Bullish
2024-06-28,20240628T102300,0.183939,Somewhat-Bullish,0.243476,Somewhat-Bullish
2024-06-28,20240628T102005,0.194513,Somewhat-Bullish,0.064668,Neutral
2024-06-28,20240628T102004,0.199183,Somewhat-Bullish,0.068236,Neutral
2024-06-28,20240628T095414,0.315307,Somewhat-Bullish,0.266193,Somewhat-Bullish
2024-06-28,20240628T095400,0.212758,Somewhat-Bullish,0.194411,Somewhat-Bullish
2024-06-28,20240628T091500,0.33948,Somewhat-Bullish,0.058962,Neutral
2024-06-28,20240628T090200,0.211197,Somewhat-Bullish,0.110132,Neutral
2024-06-28,20240628T081500,0.344491,Somewhat-Bullish,0.474394,Bullish
2024-06-28,20240628T073000,0.115261,Neutral,0.014016,Neutral
2024-06-28,20240628T062424,0.077524,Neutral,0.065411,Neutral
2024-06-27,20240627T214519,0.235853,Somewhat-Bullish,0.353915,Bullish
2024-06-27,20240627T190912,0.283368,Somewhat-Bullish,0.134365,Neutral
2024-06-27,20240627T190834,0.382964,Bullish,0.240568,Somewhat-Bullish
2024-06-27,20240627T175500,0.156431,Somewhat-Bullish,0.0,Neutral
2024-06-27,20240627T171117,0.31753,Somewhat-Bullish,0.226708,Somewhat-Bullish
2024-06-27,20240627T162020,0.060814,Neutral,-0.218707,Somewhat-Bearish
2024-06-27,20240627T144300,0.195892,Somewhat-Bullish,0.117664,Neutral
2024-06-27,20240627T143400,0.359339,Bullish,0.183987,Somewhat-Bullish
2024-06-27,20240627T142637,0.513072,Bullish,0.182533,Somewhat-Bullish
2024-06-27,20240627T133417,0.233662,Somewhat-Bullish,0.071172,Neutral
2024-06-27,20240627T132500,0.271945,Somewhat-Bullish,0.069101,Neutral
2024-06-27,20240627T124500,0.297561,Somewhat-Bullish,0.364734,Bullish
2024-06-27,20240627T113700,0.287962,Somewhat-Bullish,0.05317,Neutral
2024-06-27,20240627T104500,0.25666,Somewhat-Bullish,0.429183,Bullish
2024-06-27,20240627T102007,0.184941,Somewhat-Bullish,0.072135,Neutral
2024-06-27,20240627T102006,0.156937,Somewhat-Bullish,0.069696,Neutral
2024-06-27,20240627T095000,0.279476,Somewhat-Bullish,0.406468,Bullish
2024-06-27,20240627T093000,0.21554,Somewhat-Bullish,0.155591,Somewhat-Bullish
2024-06-27,20240627T081500,0.379771,Bullish,0.269756,Somewhat-Bullish
2024-06-27,20240627T081500,-0.144349,Neutral,-0.327542,Somewhat-Bearish
2024-06-27,20240627T081200,0.089987,Neutral,0.183646,Somewhat-Bullish
2024-06-27,20240627T073335,0.11025,Neutral,0.16744,Somewhat-Bullish
2024-06-27,20240627T024923,0.168251,Somewhat-Bullish,0.188189,Somewhat-Bullish
2024-06-26,20240626T193502,0.193897,Somewhat-Bullish,0.171445,Somewhat-Bullish
2024-06-26,20240626T175142,0.188919,Somewhat-Bullish,0.219246,Somewhat-Bullish
2024-06-26,20240626T170630,0.265044,Somewhat-Bullish,-0.181099,Somewhat-Bearish
2024-06-26,20240626T165329,0.416084,Bullish,0.386254,Bullish
2024-06-26,20240626T163530,0.408831,Bullish,0.619386,Bullish
2024-06-26,20240626T151109,0.309398,Somewhat-Bullish,0.493507,Bullish
2024-06-26,20240626T143300,0.009659,Neutral,0.150741,Somewhat-Bullish
2024-06-26,20240626T141203,0.310114,Somewhat-Bullish,0.509871,Bullish
2024-06-26,20240626T140300,0.205172,Somewhat-Bullish,0.119704,Neutral
2024-06-26,20240626T132907,0.336411,Somewhat-Bullish,0.515121,Bullish
2024-06-26,20240626T131758,0.084343,Neutral,0.091056,Neutral
2024-06-26,20240626T122600,0.241495,Somewhat-Bullish,0.193468,Somewhat-Bullish
2024-06-26,20240626T115035,0.083619,Neutral,0.102235,Neutral
2024-06-26,20240626T110000,0.195525,Somewhat-Bullish,0.136111,Neutral
2024-06-26,20240626T102006,0.173483,Somewhat-Bullish,0.071501,Neutral
2024-06-26,20240626T102006,0.297596,Somewhat-Bullish,0.066545,Neutral
2024-06-26,20240626T102004,0.323473,Somewhat-Bullish,0.066729,Neutral
2024-06-26,20240626T091000,0.222241,Somewhat-Bullish,0.171671,Somewhat-Bullish
2024-06-26,20240626T090700,0.254946,Somewhat-Bullish,0.24834,Somewhat-Bullish
2024-06-26,20240626T090500,0.176414,Somewhat-Bullish,0.017637,Neutral
2024-06-26,20240626T085600,0.178958,Somewhat-Bullish,0.167825,Somewhat-Bullish
2024-06-26,20240626T084359,0.176884,Somewhat-Bullish,0.268441,Somewhat-Bullish
2024-06-26,20240626T080400,0.217627,Somewhat-Bullish,0.085248,Neutral
2024-06-26,20240626T062154,0.172453,Somewhat-Bullish,0.277623,Somewhat-Bullish
2024-06-26,20240626T054200,0.16489,Somewhat-Bullish,0.012048,Neutral
2024-06-26,20240626T034507,0.241749,Somewhat-Bullish,0.143508,Neutral
2024-06-26,20240626T030304,0.244072,Somewhat-Bullish,0.559289,Bullish
2024-06-26,20240626T024419,0.170469,Somewhat-Bullish,0.017662,Neutral
2024-06-26,20240626T022755,0.252936,Somewhat-Bullish,0.015815,Neutral
2024-06-26,20240626T022400,0.121675,Neutral,0.036788,Neutral
2024-06-25,20240625T212216,0.562791,Bullish,0.445523,Bullish
2024-06-25,20240625T183533,0.217492,Somewhat-Bullish,0.156958,Somewhat-Bullish
2024-06-25,20240625T170344,0.280424,Somewhat-Bullish,0.051002,Neutral
2024-06-25,20240625T163800,0.195753,Somewhat-Bullish,0.136545,Neutral
2024-06-25,20240625T153057,0.149041,Neutral,0.230034,Somewhat-Bullish
2024-06-25,20240625T150239,0.195326,Somewhat-Bullish,0.0,Neutral
2024-06-25,20240625T150000,0.126517,Neutral,-0.077175,Neutral
2024-06-25,20240625T140616,0.233716,Somewhat-Bullish,0.274443,Somewhat-Bullish
2024-06-25,20240625T130013,0.223892,Somewhat-Bullish,0.155115,Somewhat-Bullish
2024-06-25,20240625T123000,0.263358,Somewhat-Bullish,0.195575,Somewhat-Bullish
2024-06-25,20240625T123000,0.141622,Neutral,0.126563,Neutral
2024-06-25,20240625T122700,0.278163,Somewhat-Bullish,0.050617,Neutral
2024-06-25,20240625T115512,0.028635,Neutral,0.0,Neutral
2024-06-25,20240625T114700,0.175923,Somewhat-Bullish,0.096251,Neutral
2024-06-25,20240625T112900,0.249383,Somewhat-Bullish,0.409036,Bullish
2024-06-25,20240625T111758,-0.050665,Neutral,-0.090064,Neutral
2024-06-25,20240625T102007,0.286852,Somewhat-Bullish,0.069184,Neutral
2024-06-25,20240625T102006,0.218366,Somewhat-Bullish,0.071096,Neutral
2024-06-25,20240625T101500,0.258584,Somewhat-Bullish,0.071417,Neutral
2024-06-25,20240625T100900,0.339223,Somewhat-Bullish,0.224275,Somewhat-Bullish
2024-06-25,20240625T100300,0.05321,Neutral,-0.011529,Neutral
2024-06-25,20240625T092000,0.2534,Somewhat-Bullish,0.238867,Somewhat-Bullish
2024-06-25,20240625T091200,0.224529,Somewhat-Bullish,0.126412,Neutral
2024-06-25,20240625T081200,0.218654,Somewhat-Bullish,0.114641,Neutral
2024-06-25,20240625T080900,0.257411,Somewhat-Bullish,0.348194,Somewhat-Bullish
2024-06-25,20240625T065337,0.180081,Somewhat-Bullish,0.268602,Somewhat-Bullish
2024-06-25,20240625T041508,-0.250936,Somewhat-Bearish,-0.388891,Bearish
2024-06-25,20240625T025759,-0.079482,Neutral,-0.06687,Neutral
2024-06-25,20240625T025759,-0.070103,Neutral,-0.066373,Neutral
2024-06-25,20240625T024851,0.299643,Somewhat-Bullish,0.354031,Bullish
2024-06-25,20240625T022601,0.030797,Neutral,-0.147951,Neutral
2024-06-25,20240625T015827,0.129431,Neutral,0.147803,Neutral
2024-06-25,20240625T001500,0.324369,Somewhat-Bullish,0.495997,Bullish
2024-06-24,20240624T220000,0.279218,Somewhat-Bullish,0.441235,Bullish
2024-06-24,20240624T205038,0.249547,Somewhat-Bullish,0.394135,Bullish
2024-06-24,20240624T204038,0.36977,Bullish,0.6115,Bullish
2024-06-24,20240624T201244,0.209471,Somewhat-Bullish,0.159985,Somewhat-Bullish
2024-06-24,20240624T182635,0.155417,Somewhat-Bullish,-0.154098,Somewhat-Bearish
2024-06-24,20240624T175947,0.201027,Somewhat-Bullish,0.0,Neutral
2024-06-24,20240624T175209,0.074598,Neutral,-0.028896,Neutral
2024-06-24,20240624T171952,0.250906,Somewhat-Bullish,0.207005,Somewhat-Bullish
2024-06-24,20240624T160300,0.337281,Somewhat-Bullish,0.213238,Somewhat-Bullish
2024-06-24,20240624T155945,0.14399,Neutral,-0.103247,Neutral
2024-06-24,20240624T145542,0.317209,Somewhat-Bullish,0.498155,Bullish
2024-06-24,20240624T143551,0.146982,Neutral,0.108791,Neutral
2024-06-24,20240624T142100,0.211555,Somewhat-Bullish,0.157107,Somewhat-Bullish
2024-06-24,20240624T134800,0.207065,Somewhat-Bullish,-0.12821,Neutral
2024-06-24,20240624T133741,0.045789,Neutral,0.143666,Neutral
2024-06-24,20240624T124250,0.338772,Somewhat-Bullish,0.620576,Bullish
2024-06-24,20240624T121600,0.05254,Neutral,0.282346,Somewhat-Bullish
2024-06-24,20240624T115358,0.171846,Somewhat-Bullish,0.303579,Somewhat-Bullish
2024-06-24,20240624T113343,0.07266,Neutral,0.215528,Somewhat-Bullish
2024-06-24,20240624T113200,0.08403,Neutral,0.013832,Neutral
2024-06-24,20240624T102053,0.054875,Neutral,-0.007759,Neutral
2024-06-24,20240624T102007,0.159236,Somewhat-Bullish,0.071814,Neutral
2024-06-24,20240624T102007,0.226409,Somewhat-Bullish,0.060097,Neutral
2024-06-24,20240624T102006,0.183457,Somewhat-Bullish,0.045335,Neutral
2024-06-24,20240624T102005,0.20395,Somewhat-Bullish,0.062016,Neutral
2024-06-24,20240624T094550,0.337384,Somewhat-Bullish,0.494984,Bullish
2024-06-24,20240624T092700,0.137507,Neutral,0.10532,Neutral
2024-06-24,20240624T092700,0.137507,Neutral,0.10532,Neutral
2024-06-24,20240624T090800,0.193575,Somewhat-Bullish,0.089421,Neutral
2024-06-24,20240624T084600,0.112757,Neutral,0.046034,Neutral
2024-06-24,20240624T082947,-0.107717,Neutral,-0.239994,Somewhat-Bearish
2024-06-24,20240624T031236,0.21851,Somewhat-Bullish,0.275371,Somewhat-Bullish
2024-06-24,20240624T024727,0.167777,Somewhat-Bullish,0.047445,Neutral
2024-06-24,20240624T024309,0.246687,Somewhat-Bullish,0.232578,Somewhat-Bullish
2024-06-23,20240623T183908,0.302812,Somewhat-Bullish,0.448805,Bullish
2024-06-23,20240623T161400,0.260255,Somewhat-Bullish,0.369087,Bullish
2024-06-23,20240623T133000,0.283921,Somewhat-Bullish,0.440674,Bullish
2024-06-23,20240623T121500,0.109265,Neutral,0.277878,Somewhat-Bullish
2024-06-23,20240623T113000,0.009589,Neutral,-0.009661,Neutral
2024-06-23,20240623T113000,0.009589,Neutral,-0.009661,Neutral
2024-06-23,20240623T113000,0.009589,Neutral,-0.009661,Neutral
2024-06-23,20240623T111700,0.215124,Somewhat-Bullish,0.375754,Bullish
2024-06-23,20240623T110000,0.371127,Bullish,0.089375,Neutral
2024-06-23,20240623T101500,0.303955,Somewhat-Bullish,0.392318,Bullish
2024-06-23,20240623T093600,0.156223,Somewhat-Bullish,0.115403,Neutral
2024-06-22,20240622T180200,0.254806,Somewhat-Bullish,0.114916,Neutral
2024-06-22,20240622T165528,0.276059,Somewhat-Bullish,0.10978,Neutral
2024-06-22,20240622T155002,0.247516,Somewhat-Bullish,0.424688,Bullish
2024-06-22,20240622T151300,0.358523,Bullish,0.036721,Neutral
2024-06-22,20240622T125526,0.198729,Somewhat-Bullish,0.229431,Somewhat-Bullish
2024-06-22,20240622T121900,0.229943,Somewhat-Bullish,0.099003,Neutral
2024-06-22,20240622T121500,0.182172,Somewhat-Bullish,0.336873,Somewhat-Bullish
2024-06-22,20240622T100000,0.339967,Somewhat-Bullish,0.0,Neutral
2024-06-22,20240622T083619,0.206139,Somewhat-Bullish,0.112341,Neutral
2024-06-22,20240622T082158,0.166634,Somewhat-Bullish,0.222527,Somewhat-Bullish
2024-06-22,20240622T082118,0.229161,Somewhat-Bullish,0.329546,Somewhat-Bullish
2024-06-22,20240622T062557,0.277276,Somewhat-Bullish,0.249793,Somewhat-Bullish
2024-06-21,20240621T214519,0.189874,Somewhat-Bullish,0.223631,Somewhat-Bullish
2024-06-21,20240621T213500,0.338617,Somewhat-Bullish,0.055645,Neutral
2024-06-21,20240621T200646,0.443649,Bullish,0.299167,Somewhat-Bullish
2024-06-21,20240621T195757,0.241737,Somewhat-Bullish,0.164591,Somewhat-Bullish
2024-06-21,20240621T171321,0.09787,Neutral,0.0,Neutral
2024-06-21,20240621T162203,0.125737,Neutral,0.0,Neutral
2024-06-21,20240621T155501,-0.026641,Neutral,0.145027,Neutral
2024-06-21,20240621T150100,0.068262,Neutral,0.0156,Neutral
2024-06-21,20240621T145031,0.137257,Neutral,0.04132,Neutral
2024-06-21,20240621T144259,0.238104,Somewhat-Bullish,0.484149,Bullish
2024-06-21,20240621T142600,0.065883,Neutral,0.015525,Neutral
2024-06-21,20240621T140000,0.25788,Somewhat-Bullish,0.214426,Somewhat-Bullish
2024-06-21,20240621T135404,0.402345,Bullish,0.544172,Bullish
2024-06-21,20240621T130753,0.203804,Somewhat-Bullish,0.033356,Neutral
2024-06-21,20240621T130700,0.302197,Somewhat-Bullish,0.069662,Neutral
2024-06-21,20240621T130000,0.08072,Neutral,0.13067,Neutral
2024-06-21,20240621T125232,0.213377,Somewhat-Bullish,0.101478,Neutral
2024-06-21,20240621T121400,0.085916,Neutral,-0.080979,Neutral
2024-06-21,20240621T120700,0.050592,Neutral,0.031322,Neutral
2024-06-21,20240621T113100,0.293654,Somewhat-Bullish,0.062143,Neutral
2024-06-21,20240621T111321,0.282203,Somewhat-Bullish,0.290477,Somewhat-Bullish
2024-06-21,20240621T102600,0.079153,Neutral,-0.080274,Neutral
2024-06-21,20240621T091500,0.223763,Somewhat-Bullish,0.323203,Somewhat-Bullish
2024-06-21,20240621T090000,0.147899,Neutral,0.041031,Neutral
2024-06-21,20240621T081000,0.322335,Somewhat-Bullish,0.080184,Neutral
2024-06-21,20240621T080400,0.096557,Neutral,-0.081916,Neutral
2024-06-21,20240621T071941,0.251911,Somewhat-Bullish,0.020714,Neutral
2024-06-21,20240621T071000,0.165555,Somewhat-Bullish,0.282616,Somewhat-Bullish
2024-06-21,20240621T070025,0.3005,Somewhat-Bullish,-0.070201,Neutral
2024-06-21,20240621T070000,0.249077,Somewhat-Bullish,0.138417,Neutral
2024-06-21,20240621T061300,0.148565,Neutral,-0.081897,Neutral
2024-06-21,20240621T041000,0.112803,Neutral,-0.087964,Neutral
2024-06-21,20240621T025600,0.161735,Somewhat-Bullish,-0.106375,Neutral
2024-06-21,20240621T020638,0.173191,Somewhat-Bullish,0.344376,Somewhat-Bullish
2024-06-20,20240620T203127,0.24237,Somewhat-Bullish,0.16713,Somewhat-Bullish
2024-06-20,20240620T201103,0.242868,Somewhat-Bullish,0.199927,Somewhat-Bullish
2024-06-20,20240620T200454,0.247481,Somewhat-Bullish,0.213989,Somewhat-Bullish
2024-06-20,20240620T195337,0.146276,Neutral,-0.062621,Neutral
2024-06-20,20240620T193914,0.265867,Somewhat-Bullish,0.107547,Neutral
2024-06-20,20240620T192957,0.153505,Somewhat-Bullish,0.123078,Neutral
2024-06-20,20240620T191200,0.211822,Somewhat-Bullish,0.176384,Somewhat-Bullish
2024-06-20,20240620T184157,0.14973,Neutral,-0.036363,Neutral
2024-06-20,20240620T171400,0.219955,Somewhat-Bullish,0.091698,Neutral
2024-06-20,20240620T165000,0.029001,Neutral,0.112889,Neutral
2024-06-20,20240620T160000,0.256463,Somewhat-Bullish,0.144419,Neutral
2024-06-20,20240620T151215,0.174419,Somewhat-Bullish,0.153811,Somewhat-Bullish
2024-06-20,20240620T150712,0.254202,Somewhat-Bullish,-0.145801,Neutral
2024-06-20,20240620T150000,0.224294,Somewhat-Bullish,0.355653,Bullish
2024-06-20,20240620T145637,0.135727,Neutral,0.393359,Bullish
2024-06-20,20240620T144100,0.142705,Neutral,0.083797,Neutral
2024-06-20,20240620T141603,0.165257,Somewhat-Bullish,0.057428,Neutral
2024-06-20,20240620T140055,0.396205,Bullish,0.306914,Somewhat-Bullish
2024-06-20,20240620T140000,0.206401,Somewhat-Bullish,0.232629,Somewhat-Bullish
2024-06-20,20240620T132559,0.401907,Bullish,0.556504,Bullish
2024-06-20,20240620T132338,0.238469,Somewhat-Bullish,0.16281,Somewhat-Bullish
2024-06-20,20240620T131513,0.140752,Neutral,0.0,Neutral
2024-06-20,20240620T121000,0.166271,Somewhat-Bullish,0.052129,Neutral
2024-06-20,20240620T120100,0.199728,Somewhat-Bullish,0.109353,Neutral
2024-06-20,20240620T120023,0.29965,Somewhat-Bullish,0.084186,Neutral
2024-06-20,20240620T114655,0.240993,Somewhat-Bullish,0.489765,Bullish
2024-06-20,20240620T105000,0.179675,Somewhat-Bullish,0.098011,Neutral
2024-06-20,20240620T104912,0.192151,Somewhat-Bullish,0.091754,Neutral
2024-06-20,20240620T103000,0.305946,Somewhat-Bullish,0.257275,Somewhat-Bullish
2024-06-20,20240620T101052,0.284659,Somewhat-Bullish,0.0,Neutral
2024-06-20,20240620T091200,0.103293,Neutral,0.100262,Neutral
2024-06-20,20240620T090600,0.26817,Somewhat-Bullish,0.278687,Somewhat-Bullish
2024-06-20,20240620T090230,-0.16853,Somewhat-Bearish,-0.213341,Somewhat-Bearish
2024-06-20,20240620T080200,0.306614,Somewhat-Bullish,0.455453,Bullish
2024-06-20,20240620T074500,0.310856,Somewhat-Bullish,0.270963,Somewhat-Bullish
2024-06-20,20240620T062427,0.168447,Somewhat-Bullish,0.269499,Somewhat-Bullish
2024-06-20,20240620T043702,0.167403,Somewhat-Bullish,0.106295,Neutral
2024-06-20,20240620T035940,0.366111,Bullish,0.593078,Bullish
2024-06-20,20240620T020534,0.192606,Somewhat-Bullish,-0.026189,Neutral
2024-06-19,20240619T213200,0.339387,Somewhat-Bullish,0.0,Neutral
2024-06-19,20240619T182719,-0.062308,Neutral,-0.017566,Neutral
2024-06-19,20240619T172418,0.13043,Neutral,0.0,Neutral
2024-06-19,20240619T120800,0.325738,Somewhat-Bullish,0.039327,Neutral
2024-06-19,20240619T105000,0.228807,Somewhat-Bullish,0.2117,Somewhat-Bullish
2024-06-19,20240619T102003,0.186711,Somewhat-Bullish,0.072464,Neutral
2024-06-19,20240619T100000,0.196597,Somewhat-Bullish,0.19503,Somewhat-Bullish
2024-06-19,20240619T093000,0.100273,Neutral,0.05099,Neutral
2024-06-19,20240619T090200,0.388702,Bullish,0.0,Neutral
2024-06-19,20240619T081300,-0.374487,Bearish,-0.84594,Bearish
2024-06-19,20240619T081040,0.400662,Bullish,0.640448,Bullish
2024-06-19,20240619T072837,0.362524,Bullish,0.564831,Bullish
2024-06-19,20240619T065420,0.313558,Somewhat-Bullish,0.503736,Bullish
2024-06-19,20240619T020653,0.179457,Somewhat-Bullish,-0.03304,Neutral
2024-06-19,20240619T010821,0.310205,Somewhat-Bullish,0.111648,Neutral
2024-06-19,20240619T005319,0.383389,Bullish,0.363812,Bullish
2024-06-18,20240618T210300,0.120558,Neutral,-0.022022,Neutral
2024-06-18,20240618T205500,0.339236,Somewhat-Bullish,0.542285,Bullish
2024-06-18,20240618T205120,0.229874,Somewhat-Bullish,0.250216,Somewhat-Bullish
2024-06-18,20240618T201852,0.180454,Somewhat-Bullish,0.324974,Somewhat-Bullish
2024-06-18,20240618T201431,0.16873,Somewhat-Bullish,-0.009689,Neutral
2024-06-18,20240618T200453,0.127516,Neutral,0.065738,Neutral
2024-06-18,20240618T192600,0.236172,Somewhat-Bullish,0.4386,Bullish
2024-06-18,20240618T183106,0.072129,Neutral,0.129205,Neutral
2024-06-18,20240618T182208,0.294502,Somewhat-Bullish,0.184797,Somewhat-Bullish
2024-06-18,20240618T181805,0.228368,Somewhat-Bullish,0.121764,Neutral
2024-06-18,20240618T181011,0.305017,Somewhat-Bullish,0.392898,Bullish
2024-06-18,20240618T180700,0.051497,Neutral,0.095661,Neutral
2024-06-18,20240618T172352,0.225771,Somewhat-Bullish,0.077375,Neutral
2024-06-18,20240618T165800,0.050318,Neutral,-0.074301,Neutral
2024-06-18,20240618T150601,0.242804,Somewhat-Bullish,0.189887,Somewhat-Bullish
2024-06-18,20240618T150013,0.27245,Somewhat-Bullish,0.293552,Somewhat-Bullish
2024-06-18,20240618T150000,0.14393,Neutral,0.147531,Neutral
2024-06-18,20240618T143300,0.160201,Somewhat-Bullish,0.151428,Somewhat-Bullish
2024-06-18,20240618T141500,0.297224,Somewhat-Bullish,0.179399,Somewhat-Bullish
2024-06-18,20240618T133700,0.317978,Somewhat-Bullish,0.203816,Somewhat-Bullish
2024-06-18,20240618T133000,0.148585,Neutral,0.228488,Somewhat-Bullish
2024-06-18,20240618T125440,0.279212,Somewhat-Bullish,0.316519,Somewhat-Bullish
2024-06-18,20240618T122300,0.170618,Somewhat-Bullish,0.108099,Neutral
2024-06-18,20240618T121624,0.126351,Neutral,0.0,Neutral
2024-06-18,20240618T121600,0.160062,Somewhat-Bullish,0.091572,Neutral
2024-06-18,20240618T121500,0.324129,Somewhat-Bullish,0.47732,Bullish
2024-06-18,20240618T111500,0.370208,Bullish,0.157159,Somewhat-Bullish
2024-06-18,20240618T105000,0.311955,Somewhat-Bullish,0.233684,Somewhat-Bullish
2024-06-18,20240618T102006,0.262647,Somewhat-Bullish,0.064668,Neutral
2024-06-18,20240618T102005,0.149747,Neutral,0.064788,Neutral
2024-06-18,20240618T101500,0.132829,Neutral,0.271544,Somewhat-Bullish
2024-06-18,20240618T101200,0.257815,Somewhat-Bullish,0.128276,Neutral
2024-06-18,20240618T101000,0.307451,Somewhat-Bullish,0.207637,Somewhat-Bullish
2024-06-18,20240618T093905,0.182505,Somewhat-Bullish,0.276767,Somewhat-Bullish
2024-06-18,20240618T091300,0.329481,Somewhat-Bullish,0.548389,Bullish
2024-06-18,20240618T082629,0.237064,Somewhat-Bullish,0.169937,Somewhat-Bullish
2024-06-18,20240618T081500,0.09214,Neutral,0.223387,Somewhat-Bullish
2024-06-18,20240618T033532,0.06378,Neutral,-0.119509,Neutral
2024-06-18,20240618T024426,0.377535,Bullish,0.402629,Bullish
2024-06-18,20240618T021638,0.359801,Bullish,0.548103,Bullish
2024-06-17,20240617T215013,0.157392,Somewhat-Bullish,0.204201,Somewhat-Bullish
2024-06-17,20240617T211400,0.154075,Somewhat-Bullish,0.25551,Somewhat-Bullish
2024-06-17,20240617T205822,0.132568,Neutral,0.296007,Somewhat-Bullish
2024-06-17,20240617T194932,0.125347,Neutral,0.0,Neutral
2024-06-17,20240617T194038,0.311407,Somewhat-Bullish,0.426458,Bullish
2024-06-17,20240617T193800,0.285702,Somewhat-Bullish,0.283663,Somewhat-Bullish
2024-06-17,20240617T180324,0.17382,Somewhat-Bullish,0.222546,Somewhat-Bullish
2024-06-17,20240617T160010,0.234122,Somewhat-Bullish,0.086001,Neutral
2024-06-17,20240617T155800,0.288794,Somewhat-Bullish,0.414127,Bullish
2024-06-17,20240617T154400,0.326565,Somewhat-Bullish,0.098547,Neutral
2024-06-17,20240617T145800,0.187675,Somewhat-Bullish,0.246422,Somewhat-Bullish
2024-06-17,20240617T142459,0.474507,Bullish,0.455141,Bullish
2024-06-17,20240617T141619,0.111439,Neutral,-0.064411,Neutral
2024-06-17,20240617T140000,0.34946,Somewhat-Bullish,0.185166,Somewhat-Bullish
2024-06-17,20240617T134900,0.219559,Somewhat-Bullish,0.021001,Neutral
2024-06-17,20240617T121100,0.125109,Neutral,0.173287,Somewhat-Bullish
2024-06-17,20240617T120000,0.444642,Bullish,0.018043,Neutral
2024-06-17,20240617T120000,0.082137,Neutral,0.429969,Bullish
2024-06-17,20240617T102007,0.188605,Somewhat-Bullish,0.057908,Neutral
2024-06-17,20240617T102006,0.150138,Somewhat-Bullish,0.069783,Neutral
2024-06-17,20240617T102005,0.227426,Somewhat-Bullish,0.06099,Neutral
2024-06-17,20240617T101708,0.166764,Somewhat-Bullish,0.058875,Neutral
2024-06-17,20240617T100000,0.325024,Somewhat-Bullish,0.071492,Neutral
2024-06-17,20240617T092100,0.229246,Somewhat-Bullish,0.220267,Somewhat-Bullish
2024-06-17,20240617T090006,0.248391,Somewhat-Bullish,0.114289,Neutral
2024-06-17,20240617T084637,0.081636,Neutral,0.042078,Neutral
2024-06-17,20240617T084000,0.123735,Neutral,0.130315,Neutral
2024-06-17,20240617T074100,0.353901,Bullish,0.463814,Bullish
2024-06-17,20240617T062943,0.39305,Bullish,0.69809,Bullish
2024-06-17,20240617T062447,0.299076,Somewhat-Bullish,0.272536,Somewhat-Bullish
2024-06-17,20240617T062433,0.299076,Somewhat-Bullish,0.272536,Somewhat-Bullish
2024-06-17,20240617T062251,-0.124218,Neutral,-0.30261,Somewhat-Bearish
2024-06-17,20240617T053120,0.236788,Somewhat-Bullish,-0.016096,Neutral
2024-06-17,20240617T044436,0.17653,Somewhat-Bullish,0.158501,Somewhat-Bullish
2024-06-17,20240617T041704,0.267642,Somewhat-Bullish,-0.017953,Neutral
2024-06-16,20240616T181538,0.234268,Somewhat-Bullish,0.288067,Somewhat-Bullish
2024-06-16,20240616T180000,0.243361,Somewhat-Bullish,0.092247,Neutral
2024-06-16,20240616T173000,0.280421,Somewhat-Bullish,0.216273,Somewhat-Bullish
2024-06-16,20240616T141350,0.05357,Neutral,0.0,Neutral
2024-06-16,20240616T123016,0.248,Somewhat-Bullish,0.322483,Somewhat-Bullish
2024-06-16,20240616T110000,-0.02961,Neutral,0.178763,Somewhat-Bullish
2024-06-16,20240616T102000,0.184808,Somewhat-Bullish,-0.001348,Neutral
2024-06-16,20240616T100100,0.212542,Somewhat-Bullish,0.087261,Neutral
2024-06-16,20240616T092110,0.206256,Somewhat-Bullish,0.20636,Somewhat-Bullish
2024-06-16,20240616T090700,0.267728,Somewhat-Bullish,0.199391,Somewhat-Bullish
2024-06-16,20240616T085000,0.33638,Somewhat-Bullish,0.472913,Bullish
2024-06-16,20240616T073000,0.168303,Somewhat-Bullish,0.283203,Somewhat-Bullish
2024-06-15,20240615T153600,0.342311,Somewhat-Bullish,0.514831,Bullish
2024-06-15,20240615T132124,0.155962,Somewhat-Bullish,0.274354,Somewhat-Bullish
2024-06-15,20240615T130000,0.188635,Somewhat-Bullish,0.057178,Neutral
2024-06-15,20240615T100013,0.320369,Somewhat-Bullish,0.152935,Somewhat-Bullish
2024-06-15,20240615T095000,0.183382,Somewhat-Bullish,0.136531,Neutral
2024-06-15,20240615T091200,0.275728,Somewhat-Bullish,0.312915,Somewhat-Bullish
2024-06-15,20240615T090000,0.237035,Somewhat-Bullish,0.403845,Bullish
2024-06-15,20240615T080700,0.190695,Somewhat-Bullish,0.173676,Somewhat-Bullish
2024-06-15,20240615T074500,0.286603,Somewhat-Bullish,0.371369,Bullish
2024-06-15,20240615T070000,0.18194,Somewhat-Bullish,-0.014108,Neutral
2024-06-15,20240615T025734,0.207525,Somewhat-Bullish,0.304424,Somewhat-Bullish
2024-06-15,20240615T025728,0.207525,Somewhat-Bullish,0.304424,Somewhat-Bullish
2024-06-14,20240614T223000,0.243955,Somewhat-Bullish,0.21334,Somewhat-Bullish
2024-06-14,20240614T200626,0.169549,Somewhat-Bullish,0.0,Neutral
2024-06-14,20240614T194118,0.16851,Somewhat-Bullish,0.0,Neutral
